{
  "q_basal_lo": 0.005,
  "q_basal_hi": 0.025,
  "d_grain_log_center": -3.2218487496163566,
  "d_grain_log_sigma": 0.35,
  "d_grain_lo": 5e-05,
  "d_grain_hi": 0.003,
  "T_surf_mean": 103.57510309759267,
  "T_surf_std": 5.0,
  "T_surf_clip": [
    85.0,
    115.0
  ],
  "eps_log_center": -5.072753118100339,
  "eps_log_sigma": 0.2,
  "eps_clip": [
    2e-06,
    3e-05
  ],
  "q_tidal_mult": 1.0
}