{
  "ladder": [
    {
      "subset": [],
      "subset_size": 0,
      "KL_nats": 0.0,
      "ESS_kish": 10000.0,
      "ESS_frac": 1.0,
      "D_cond_median_km": 20.466715493866666,
      "D_cond_68ci_km": [
        17.581066640625238,
        23.959761074348304
      ],
      "H_total_median_km": 43.006154980542846,
      "H_total_68ci_km": [
        21.067371791771134,
        59.891942634750706
      ],
      "shrinkage": {
        "q_basal": 0.0,
        "d_grain": 0.0,
        "Q_v": 0.0,
        "epsilon_0": 0.0,
        "T_surf": 0.0
      },
      "correlations": {},
      "added_param": null,
      "marginal_kl_gain": 0.0
    },
    {
      "subset": [
        "q_basal"
      ],
      "subset_size": 1,
      "KL_nats": 0.024092416583705756,
      "ESS_kish": 9551.910151029419,
      "ESS_frac": 0.9551910151029419,
      "D_cond_median_km": 21.240515068039002,
      "D_cond_68ci_km": [
        18.312434187455263,
        24.606967683644644
      ],
      "H_total_median_km": 46.63422783142921,
      "H_total_68ci_km": [
        22.16361432688296,
        61.30319032928758
      ],
      "shrinkage": {
        "q_basal": 0.024893358921188935,
        "d_grain": -0.011620888787108541,
        "Q_v": -0.001968613992114454,
        "epsilon_0": 0.035779287455498965,
        "T_surf": 0.010903134568183037
      },
      "correlations": {},
      "added_param": "q_basal",
      "marginal_kl_gain": 0.011639383939840733,
      "cumulative_marginal_kl": 0.011639383939840733
    },
    {
      "subset": [
        "epsilon_0",
        "q_basal"
      ],
      "subset_size": 2,
      "KL_nats": 0.024092416583705756,
      "ESS_kish": 9551.910151029419,
      "ESS_frac": 0.9551910151029419,
      "D_cond_median_km": 21.240515068039002,
      "D_cond_68ci_km": [
        18.312434187455263,
        24.606967683644644
      ],
      "H_total_median_km": 46.63422783142921,
      "H_total_68ci_km": [
        22.16361432688296,
        61.30319032928758
      ],
      "shrinkage": {
        "q_basal": 0.024893358921188935,
        "d_grain": -0.011620888787108541,
        "Q_v": -0.001968613992114454,
        "epsilon_0": 0.035779287455498965,
        "T_surf": 0.010903134568183037
      },
      "correlations": {
        "q_bas_eps_0": 0.0318697403276775
      },
      "added_param": "epsilon_0",
      "marginal_kl_gain": 0.004515076662189814,
      "cumulative_marginal_kl": 0.016154460602030546
    },
    {
      "subset": [
        "Q_v",
        "epsilon_0",
        "q_basal"
      ],
      "subset_size": 3,
      "KL_nats": 0.024092416583705756,
      "ESS_kish": 9551.910151029419,
      "ESS_frac": 0.9551910151029419,
      "D_cond_median_km": 21.240515068039002,
      "D_cond_68ci_km": [
        18.312434187455263,
        24.606967683644644
      ],
      "H_total_median_km": 46.63422783142921,
      "H_total_68ci_km": [
        22.16361432688296,
        61.30319032928758
      ],
      "shrinkage": {
        "q_basal": 0.024893358921188935,
        "d_grain": -0.011620888787108541,
        "Q_v": -0.001968613992114454,
        "epsilon_0": 0.035779287455498965,
        "T_surf": 0.010903134568183037
      },
      "correlations": {
        "q_bas_Q_v": -0.008984936765252676,
        "q_bas_eps_0": 0.05447808462856393,
        "Q_v_eps_0": 0.05225772971042173
      },
      "added_param": "Q_v",
      "marginal_kl_gain": 0.0018272253427612803,
      "cumulative_marginal_kl": 0.017981685944791825
    },
    {
      "subset": [
        "Q_v",
        "T_surf",
        "epsilon_0",
        "q_basal"
      ],
      "subset_size": 4,
      "KL_nats": 0.024092416583705756,
      "ESS_kish": 9551.910151029419,
      "ESS_frac": 0.9551910151029419,
      "D_cond_median_km": 21.240515068039002,
      "D_cond_68ci_km": [
        18.312434187455263,
        24.606967683644644
      ],
      "H_total_median_km": 46.63422783142921,
      "H_total_68ci_km": [
        22.16361432688296,
        61.30319032928758
      ],
      "shrinkage": {
        "q_basal": 0.024893358921188935,
        "d_grain": -0.011620888787108541,
        "Q_v": -0.001968613992114454,
        "epsilon_0": 0.035779287455498965,
        "T_surf": 0.010903134568183037
      },
      "correlations": {
        "q_bas_Q_v": -0.02082473917627476,
        "q_bas_eps_0": 0.04558891041205605,
        "q_bas_T_s": -0.014469912235479039,
        "Q_v_eps_0": 0.012796197383369009,
        "Q_v_T_s": -0.004995793441383887,
        "eps_0_T_s": -0.047406240547035634
      },
      "added_param": "T_surf",
      "marginal_kl_gain": 0.0013031088504741526,
      "cumulative_marginal_kl": 0.01928479479526598
    },
    {
      "subset": [
        "Q_v",
        "T_surf",
        "d_grain",
        "epsilon_0",
        "q_basal"
      ],
      "subset_size": 5,
      "KL_nats": 0.024092416583705756,
      "ESS_kish": 9551.910151029419,
      "ESS_frac": 0.9551910151029419,
      "D_cond_median_km": 21.240515068039002,
      "D_cond_68ci_km": [
        18.312434187455263,
        24.606967683644644
      ],
      "H_total_median_km": 46.63422783142921,
      "H_total_68ci_km": [
        22.16361432688296,
        61.30319032928758
      ],
      "shrinkage": {
        "q_basal": 0.024893358921188935,
        "d_grain": -0.011620888787108541,
        "Q_v": -0.001968613992114454,
        "epsilon_0": 0.035779287455498965,
        "T_surf": 0.010903134568183037
      },
      "correlations": {
        "q_bas_d_gr": -0.018007160819334275,
        "q_bas_Q_v": 0.003511892521893474,
        "q_bas_eps_0": 0.051784374150949004,
        "q_bas_T_s": -0.025767731451850556,
        "d_gr_Q_v": -0.009532789779325599,
        "d_gr_eps_0": -0.005916141410526768,
        "d_gr_T_s": 0.012550090631159822,
        "Q_v_eps_0": 0.04271963051645572,
        "Q_v_T_s": -0.01836963352345612,
        "eps_0_T_s": -0.045946850569940634
      },
      "added_param": "d_grain",
      "marginal_kl_gain": 0.001011184852420551,
      "cumulative_marginal_kl": 0.02029597964768653
    }
  ],
  "verdict": "H3: Weak information (total marginal KL < 0.05)"
}