{
  "archive": "eq_baseline_andrade.npz",
  "tag": "equatorial_baseline",
  "N_prior": 10000,
  "N_posterior_sir": 9551,
  "prior_var_dcond_km2": 10.237475648212376,
  "posterior_var_dcond_km2": 10.188890210734186,
  "variance_reduction_pct": 0.47458415675619703,
  "prior_shapley": {
    "q_basal": 3.6737029743680405,
    "d_grain": 1.3882541766012655,
    "Q_v": 1.6067620357357177,
    "epsilon_0": 2.1608941370240133,
    "T_surf": 1.407862324483339
  },
  "prior_shapley_pct": {
    "q_basal": 35.884851897152274,
    "d_grain": 13.56051261370938,
    "Q_v": 15.694904593167786,
    "epsilon_0": 21.107685246619752,
    "T_surf": 13.752045649350814
  },
  "posterior_shapley": {
    "q_basal": 3.582111442449142,
    "d_grain": 1.4371788944070178,
    "Q_v": 1.6215780948369887,
    "epsilon_0": 2.09294301518661,
    "T_surf": 1.455078763854428
  },
  "posterior_shapley_pct": {
    "q_basal": 35.157032496780865,
    "d_grain": 14.105352640790288,
    "Q_v": 15.915159171394603,
    "epsilon_0": 20.54142278402073,
    "T_surf": 14.281032907013516
  },
  "posterior_shapley_95ci_pct": {
    "q_basal": [
      33.243965468602234,
      35.54995738145382
    ],
    "d_grain": [
      13.931316673938515,
      14.965632852854247
    ],
    "Q_v": [
      15.545706887641847,
      16.69225461083092
    ],
    "epsilon_0": [
      19.78320143132374,
      21.239427524487624
    ],
    "T_surf": [
      14.042423645037486,
      14.999935855291618
    ]
  },
  "prior_ranking": [
    "q_basal",
    "epsilon_0",
    "Q_v",
    "T_surf",
    "d_grain"
  ],
  "posterior_ranking": [
    "q_basal",
    "epsilon_0",
    "Q_v",
    "T_surf",
    "d_grain"
  ]
}