{
  "archive": "eq_baseline_andrade.npz",
  "tag": "equatorial_baseline",
  "N": 10000,
  "ESS_kish": 9551.910151029419,
  "ESS_entropy": 9761.954889369079,
  "KL_total_nats": 0.024092416583705756,
  "KL_total_95ci": [
    0.023509883460854385,
    0.02468267454858015
  ],
  "juno_D_obs_km": 29.0,
  "juno_sigma_obs_km": 10.0,
  "sigma_model_km": 3.0,
  "parameters": [
    "q_basal",
    "d_grain",
    "Q_v",
    "epsilon_0",
    "T_surf"
  ],
  "marginal_shrinkage": {
    "q_basal": 0.024893358921188935,
    "d_grain": -0.011620888787108541,
    "Q_v": -0.001968613992114454,
    "epsilon_0": 0.035779287455498965,
    "T_surf": 0.010903134568183037
  },
  "marginal_shrinkage_95ci": {
    "q_basal": [
      -0.0012364395876417512,
      0.049886501071837605
    ],
    "d_grain": [
      -0.03966993520609828,
      0.013868266999988032
    ],
    "Q_v": [
      -0.0284790104139836,
      0.026625411498345963
    ],
    "epsilon_0": [
      0.014868960364529685,
      0.05876383288033556
    ],
    "T_surf": [
      -0.013899230938274436,
      0.03019657720928048
    ]
  },
  "marginal_KL_nats": {
    "q_basal": 0.011639383939840733,
    "d_grain": 0.001011184852420551,
    "Q_v": 0.0018272253427612803,
    "epsilon_0": 0.004515076662189814,
    "T_surf": 0.0013031088504741526
  },
  "eigenvalues_R": [
    0.9187253813374175,
    0.9831064118355114,
    0.9949560214786162,
    1.0116771048429012,
    1.0313576299666272
  ],
  "eigenvalues_R_95ci": [
    [
      0.891423039558257,
      0.9396203660447991
    ],
    [
      0.950933825533031,
      0.9918553417501392
    ],
    [
      0.9776086275487911,
      1.012672158774834
    ],
    [
      0.9985871284638922,
      1.0358420195115932
    ],
    [
      1.0214876015029903,
      1.0668512299312687
    ]
  ],
  "leading_eigenvector": {
    "q_basal": 0.9680578122981208,
    "d_grain": 0.026666493053143024,
    "Q_v": 0.23012676038786004,
    "epsilon_0": -0.03171385074607914,
    "T_surf": -0.09049240863777909
  },
  "hypothesis_verdicts": [
    {
      "hypothesis": "H3",
      "description": "Weak information",
      "evidence": "KL=0.024 nats, max shrinkage=3.6%"
    }
  ]
}