{
  "ladder": [
    {
      "subset": [],
      "subset_size": 0,
      "KL_nats": 0.0,
      "ESS_kish": 14999.0,
      "ESS_frac": 1.0,
      "D_cond_median_km": 15.982979584601516,
      "D_cond_68ci_km": [
        11.681945715530983,
        20.01971714979456
      ],
      "H_total_median_km": 33.41812767922498,
      "H_total_68ci_km": [
        17.697970731310747,
        54.41765404836495
      ],
      "shrinkage": {
        "q_basal": 0.0,
        "d_grain": 0.0,
        "Q_v": 0.0,
        "epsilon_0": 0.0,
        "T_surf": 0.0
      },
      "correlations": {},
      "added_param": null,
      "marginal_kl_gain": 0.0,
      "cumulative_marginal_kl": 0.0
    },
    {
      "subset": [
        "epsilon_0"
      ],
      "subset_size": 1,
      "KL_nats": 0.052675416771693406,
      "ESS_kish": 13587.403654540574,
      "ESS_frac": 0.9058873027895575,
      "D_cond_median_km": 17.01090441724418,
      "D_cond_68ci_km": [
        12.898093114203213,
        20.904433507917048
      ],
      "H_total_median_km": 36.459477524242686,
      "H_total_68ci_km": [
        18.408509328063797,
        56.29431137611756
      ],
      "shrinkage": {
        "q_basal": -0.0019248066014874166,
        "d_grain": -0.0008784545148150524,
        "Q_v": -0.005188630577098952,
        "epsilon_0": 0.026513832904431323,
        "T_surf": 0.00286454491904653
      },
      "correlations": {},
      "added_param": "epsilon_0",
      "marginal_kl_gain": 0.052675416771693406,
      "cumulative_marginal_kl": 0.052675416771693406
    },
    {
      "subset": [
        "epsilon_0",
        "q_basal"
      ],
      "subset_size": 2,
      "KL_nats": 0.07145028041485801,
      "ESS_kish": 13176.046969646544,
      "ESS_frac": 0.8784616954227978,
      "D_cond_median_km": 17.30270295049792,
      "D_cond_68ci_km": [
        13.321013233867097,
        21.238447028552184
      ],
      "H_total_median_km": 37.25392621365548,
      "H_total_68ci_km": [
        17.935318976830274,
        57.10938989300403
      ],
      "shrinkage": {
        "q_basal": -0.04869444685902158,
        "d_grain": -0.0038089474777547316,
        "Q_v": -0.007024310477759643,
        "epsilon_0": 0.02507560654109864,
        "T_surf": 0.00318276142579188
      },
      "correlations": {
        "q_bas_eps_0": 0.1477989227984933
      },
      "added_param": "q_basal",
      "marginal_kl_gain": 0.018774863643164608,
      "cumulative_marginal_kl": 0.07145028041485801
    },
    {
      "subset": [
        "T_surf",
        "epsilon_0",
        "q_basal"
      ],
      "subset_size": 3,
      "KL_nats": 0.07253935936519795,
      "ESS_kish": 13141.996901853538,
      "ESS_frac": 0.8761915395595398,
      "D_cond_median_km": 17.37454098324259,
      "D_cond_68ci_km": [
        13.393843762439717,
        21.3548730986808
      ],
      "H_total_median_km": 37.09585137697706,
      "H_total_68ci_km": [
        18.027807135924682,
        56.998115521451254
      ],
      "shrinkage": {
        "q_basal": -0.04939363904522609,
        "d_grain": -0.0058010640660091095,
        "Q_v": -0.009613879708145978,
        "epsilon_0": 0.020725128906744716,
        "T_surf": -0.004379334248551636
      },
      "correlations": {
        "q_bas_eps_0": 0.15246708199029743,
        "q_bas_T_s": 0.009641241379185787,
        "eps_0_T_s": 0.01782183586285858
      },
      "added_param": "T_surf",
      "marginal_kl_gain": 0.001089078950339939,
      "cumulative_marginal_kl": 0.07253935936519795
    },
    {
      "subset": [
        "T_surf",
        "d_grain",
        "epsilon_0",
        "q_basal"
      ],
      "subset_size": 4,
      "KL_nats": 0.07056324329320418,
      "ESS_kish": 13203.009942925575,
      "ESS_frac": 0.8802593468181595,
      "D_cond_median_km": 17.370728662401927,
      "D_cond_68ci_km": [
        13.44629612974807,
        21.339128310420154
      ],
      "H_total_median_km": 36.866846092363,
      "H_total_68ci_km": [
        18.019129092500446,
        56.92011421762283
      ],
      "shrinkage": {
        "q_basal": -0.04758009238327543,
        "d_grain": -0.008308905669375699,
        "Q_v": -0.009297825882931932,
        "epsilon_0": 0.014152387448380988,
        "T_surf": -0.0034648701898192247
      },
      "correlations": {
        "q_bas_d_gr": -0.036792082827111876,
        "q_bas_eps_0": 0.1374327396905503,
        "q_bas_T_s": 0.007520711853066148,
        "d_gr_eps_0": 0.04602999406123604,
        "d_gr_T_s": 0.005621047025563048,
        "eps_0_T_s": -0.000554598214688311
      },
      "added_param": "d_grain",
      "marginal_kl_gain": -0.001976116071993772,
      "cumulative_marginal_kl": 0.07056324329320418
    },
    {
      "subset": [
        "Q_v",
        "T_surf",
        "d_grain",
        "epsilon_0",
        "q_basal"
      ],
      "subset_size": 5,
      "KL_nats": 0.06940615089048663,
      "ESS_kish": 13239.136945931097,
      "ESS_frac": 0.8826679742603571,
      "D_cond_median_km": 17.39255730399199,
      "D_cond_68ci_km": [
        13.524225266526512,
        21.351315674037163
      ],
      "H_total_median_km": 36.61739620702262,
      "H_total_68ci_km": [
        18.023707784640507,
        56.82270834203582
      ],
      "shrinkage": {
        "q_basal": -0.044451564198664695,
        "d_grain": -0.0042789424983689095,
        "Q_v": -0.012272564882497505,
        "epsilon_0": 0.006381151322286116,
        "T_surf": -0.00401396198759385
      },
      "correlations": {
        "q_bas_d_gr": -0.02639970081303142,
        "q_bas_Q_v": -0.03451154715396567,
        "q_bas_eps_0": 0.12685568114322807,
        "q_bas_T_s": 0.0016403743152107434,
        "d_gr_Q_v": 0.02256732002911253,
        "d_gr_eps_0": 0.04422346160099719,
        "d_gr_T_s": -0.006091898974864704,
        "Q_v_eps_0": 0.022847962684235574,
        "Q_v_T_s": 0.001127539405905112,
        "eps_0_T_s": 0.008931762074697475
      },
      "added_param": "Q_v",
      "marginal_kl_gain": -0.0011570924027175522,
      "cumulative_marginal_kl": 0.06940615089048663
    }
  ],
  "verdict": "H2: Two-parameter trade-off (first 2 capture >80%)"
}