{
  "archive": "mc_15000_optionA_v2_andrade.npz",
  "tag": "global_andrade",
  "N": 14999,
  "ESS_kish": 12541.408249266568,
  "ESS_entropy": 13531.27224703329,
  "KL_total_nats": 0.10298006288925876,
  "KL_total_95ci": [
    0.10065082582194926,
    0.10523842447724312
  ],
  "juno_D_obs_km": 29.0,
  "juno_sigma_obs_km": 10.0,
  "sigma_model_km": 3.0,
  "parameters": [
    "q_basal",
    "d_grain",
    "Q_v",
    "epsilon_0",
    "T_surf"
  ],
  "marginal_shrinkage": {
    "q_basal": -0.04692026192580956,
    "d_grain": -0.01533512230470846,
    "Q_v": -0.02174012246049628,
    "epsilon_0": 0.026611114663132707,
    "T_surf": -0.007777893082271392
  },
  "marginal_shrinkage_95ci": {
    "q_basal": [
      -0.06777302887368765,
      -0.028626469321917387
    ],
    "d_grain": [
      -0.037100684330475996,
      0.006137699187203671
    ],
    "Q_v": [
      -0.04595977303294218,
      0.0012308032895400932
    ],
    "epsilon_0": [
      0.0077034292694207725,
      0.046720781980434806
    ],
    "T_surf": [
      -0.031059879233356846,
      0.015031656703729478
    ]
  },
  "marginal_KL_nats": {
    "q_basal": 0.0029396339966374276,
    "d_grain": 0.004436154226435265,
    "Q_v": 0.0052373578525831835,
    "epsilon_0": 0.052605272947359144,
    "T_surf": 0.007920670091836371
  },
  "eigenvalues_R": [
    0.82093523292573,
    1.001931194440257,
    1.0074568214007316,
    1.0600474786402687,
    1.1759851885541008
  ],
  "eigenvalues_R_95ci": [
    [
      0.8020902400263924,
      0.8375273293119627
    ],
    [
      0.9725206638009618,
      1.0105619038921578
    ],
    [
      0.9965836984533567,
      1.0325763719103265
    ],
    [
      1.0398864796879435,
      1.0843968900281233
    ],
    [
      1.1569616100077105,
      1.1991982631915385
    ]
  ],
  "leading_eigenvector": {
    "q_basal": -0.970394128719061,
    "d_grain": -0.02817988848326162,
    "Q_v": -0.18391724219804723,
    "epsilon_0": 0.060679718822781184,
    "T_surf": 0.14153991867490381
  },
  "hypothesis_verdicts": [
    {
      "hypothesis": "??",
      "description": "Ambiguous",
      "evidence": "KL=0.103, max_shrink=2.7%, max_corr=0.18"
    }
  ]
}