{
  "archive": "mc_15000_optionA_v2_andrade.npz",
  "tag": "global_andrade",
  "N_prior": 14999,
  "N_posterior_sir": 12541,
  "prior_var_dcond_km2": 18.622529661494124,
  "posterior_var_dcond_km2": 15.646402481389554,
  "variance_reduction_pct": 15.981326029289777,
  "prior_shapley": {
    "q_basal": 2.7557513011090804,
    "d_grain": 2.6031908830931405,
    "Q_v": 2.666249275428706,
    "epsilon_0": 7.7861319681666785,
    "T_surf": 2.81070021398173
  },
  "prior_shapley_pct": {
    "q_basal": 14.797942874577119,
    "d_grain": 13.97871787781747,
    "Q_v": 14.317331339478118,
    "epsilon_0": 41.81028093227363,
    "T_surf": 15.093009731075501
  },
  "posterior_shapley": {
    "q_basal": 2.8196264444296206,
    "d_grain": 2.214735564590286,
    "Q_v": 2.3150564786065844,
    "epsilon_0": 5.674221809584091,
    "T_surf": 2.6220176145120258
  },
  "posterior_shapley_pct": {
    "q_basal": 18.020924923690256,
    "d_grain": 14.154918788677332,
    "Q_v": 14.796094382463979,
    "epsilon_0": 36.265344805831454,
    "T_surf": 16.757958371777516
  },
  "posterior_shapley_95ci_pct": {
    "q_basal": [
      17.568520851154158,
      18.578535591171423
    ],
    "d_grain": [
      13.912360225255412,
      14.731452781098204
    ],
    "Q_v": [
      14.48381648267246,
      15.571367371140601
    ],
    "epsilon_0": [
      34.29548760492185,
      36.65407318858288
    ],
    "T_surf": [
      16.4149961366214,
      17.64311620733408
    ]
  },
  "prior_ranking": [
    "epsilon_0",
    "T_surf",
    "q_basal",
    "Q_v",
    "d_grain"
  ],
  "posterior_ranking": [
    "epsilon_0",
    "q_basal",
    "T_surf",
    "Q_v",
    "d_grain"
  ]
}