{
  "archive": "midlat35_uniform_broad.npz",
  "tag": "midlat35_broad",
  "N": 10000,
  "ESS_kish": 8947.02520057009,
  "ESS_entropy": 9397.266083468003,
  "KL_total_nats": 0.062166288205133924,
  "KL_total_95ci": [
    0.06040332963215227,
    0.06390456248750018
  ],
  "juno_D_obs_km": 29.0,
  "juno_sigma_obs_km": 10.0,
  "sigma_model_km": 3.0,
  "parameters": [
    "q_basal",
    "d_grain",
    "Q_v",
    "epsilon_0",
    "T_surf"
  ],
  "marginal_shrinkage": {
    "q_basal": -0.016574341158261063,
    "d_grain": -0.010605908032101263,
    "Q_v": -0.01323772598629569,
    "epsilon_0": 0.08980677218665079,
    "T_surf": -0.012223561803469396
  },
  "marginal_shrinkage_95ci": {
    "q_basal": [
      -0.041405814882100475,
      0.010159375360836298
    ],
    "d_grain": [
      -0.0350598132974512,
      0.014125869976668148
    ],
    "Q_v": [
      -0.04086557695057372,
      0.017237788845726427
    ],
    "epsilon_0": [
      0.06527288881115619,
      0.11437194971337654
    ],
    "T_surf": [
      -0.03974727825096672,
      0.013606981990080489
    ]
  },
  "marginal_KL_nats": {
    "q_basal": 0.005443016180532894,
    "d_grain": 0.003155404548801309,
    "Q_v": 0.005032389089837163,
    "epsilon_0": 0.02908251172560926,
    "T_surf": 0.003443658986507293
  },
  "eigenvalues_R": [
    0.8158321888588934,
    0.9943263609449952,
    1.0089015149781897,
    1.0515173889612612,
    1.0922537189031052
  ],
  "eigenvalues_R_95ci": [
    [
      0.792951045358019,
      0.8355927189606817
    ],
    [
      0.962106405460284,
      1.006409923069587
    ],
    [
      0.9917533670400329,
      1.0348409994151393
    ],
    [
      1.0275684807264052,
      1.0791585317068935
    ],
    [
      1.0724422112812888,
      1.123200897662752
    ]
  ],
  "leading_eigenvector": {
    "q_basal": 0.9668676970514173,
    "d_grain": 0.030163662590023007,
    "Q_v": 0.2431757643537027,
    "epsilon_0": -0.062066972499488615,
    "T_surf": -0.03564054451582467
  },
  "hypothesis_verdicts": [
    {
      "hypothesis": "??",
      "description": "Ambiguous",
      "evidence": "KL=0.062, max_shrink=9.0%, max_corr=0.11"
    }
  ]
}