{
  "ladder": [
    {
      "subset": [],
      "subset_size": 0,
      "KL_nats": 0.0,
      "ESS_kish": 10000.0,
      "ESS_frac": 1.0,
      "D_cond_median_km": 17.50372038539723,
      "D_cond_68ci_km": [
        13.993656179556904,
        20.99279194107961
      ],
      "H_total_median_km": 40.401520003059176,
      "H_total_68ci_km": [
        19.925203180443106,
        57.60660496284529
      ],
      "shrinkage": {
        "q_basal": 0.0,
        "d_grain": 0.0,
        "Q_v": 0.0,
        "epsilon_0": 0.0,
        "T_surf": 0.0
      },
      "correlations": {},
      "added_param": null,
      "marginal_kl_gain": 0.0
    },
    {
      "subset": [
        "epsilon_0"
      ],
      "subset_size": 1,
      "KL_nats": 0.062166288205133924,
      "ESS_kish": 8947.02520057009,
      "ESS_frac": 0.8947025200570089,
      "D_cond_median_km": 18.628249223149286,
      "D_cond_68ci_km": [
        15.343312997349662,
        22.025552009849754
      ],
      "H_total_median_km": 43.97819442054564,
      "H_total_68ci_km": [
        20.678855612971596,
        59.72233336444001
      ],
      "shrinkage": {
        "q_basal": -0.016574341158261063,
        "d_grain": -0.010605908032101263,
        "Q_v": -0.01323772598629569,
        "epsilon_0": 0.08980677218665079,
        "T_surf": -0.012223561803469396
      },
      "correlations": {},
      "added_param": "epsilon_0",
      "marginal_kl_gain": 0.02908251172560926,
      "cumulative_marginal_kl": 0.02908251172560926
    },
    {
      "subset": [
        "epsilon_0",
        "q_basal"
      ],
      "subset_size": 2,
      "KL_nats": 0.062166288205133924,
      "ESS_kish": 8947.02520057009,
      "ESS_frac": 0.8947025200570089,
      "D_cond_median_km": 18.628249223149286,
      "D_cond_68ci_km": [
        15.343312997349662,
        22.025552009849754
      ],
      "H_total_median_km": 43.97819442054564,
      "H_total_68ci_km": [
        20.678855612971596,
        59.72233336444001
      ],
      "shrinkage": {
        "q_basal": -0.016574341158261063,
        "d_grain": -0.010605908032101263,
        "Q_v": -0.01323772598629569,
        "epsilon_0": 0.08980677218665079,
        "T_surf": -0.012223561803469396
      },
      "correlations": {
        "q_bas_eps_0": 0.10794227012943734
      },
      "added_param": "q_basal",
      "marginal_kl_gain": 0.005443016180532894,
      "cumulative_marginal_kl": 0.034525527906142155
    },
    {
      "subset": [
        "Q_v",
        "epsilon_0",
        "q_basal"
      ],
      "subset_size": 3,
      "KL_nats": 0.062166288205133924,
      "ESS_kish": 8947.02520057009,
      "ESS_frac": 0.8947025200570089,
      "D_cond_median_km": 18.628249223149286,
      "D_cond_68ci_km": [
        15.343312997349662,
        22.025552009849754
      ],
      "H_total_median_km": 43.97819442054564,
      "H_total_68ci_km": [
        20.678855612971596,
        59.72233336444001
      ],
      "shrinkage": {
        "q_basal": -0.016574341158261063,
        "d_grain": -0.010605908032101263,
        "Q_v": -0.01323772598629569,
        "epsilon_0": 0.08980677218665079,
        "T_surf": -0.012223561803469396
      },
      "correlations": {
        "q_bas_Q_v": -0.02830800116235843,
        "q_bas_eps_0": 0.11246487429038185,
        "Q_v_eps_0": 0.03957004049171748
      },
      "added_param": "Q_v",
      "marginal_kl_gain": 0.005032389089837163,
      "cumulative_marginal_kl": 0.03955791699597932
    },
    {
      "subset": [
        "Q_v",
        "T_surf",
        "epsilon_0",
        "q_basal"
      ],
      "subset_size": 4,
      "KL_nats": 0.062166288205133924,
      "ESS_kish": 8947.02520057009,
      "ESS_frac": 0.8947025200570089,
      "D_cond_median_km": 18.628249223149286,
      "D_cond_68ci_km": [
        15.343312997349662,
        22.025552009849754
      ],
      "H_total_median_km": 43.97819442054564,
      "H_total_68ci_km": [
        20.678855612971596,
        59.72233336444001
      ],
      "shrinkage": {
        "q_basal": -0.016574341158261063,
        "d_grain": -0.010605908032101263,
        "Q_v": -0.01323772598629569,
        "epsilon_0": 0.08980677218665079,
        "T_surf": -0.012223561803469396
      },
      "correlations": {
        "q_bas_Q_v": -0.03097318112752193,
        "q_bas_eps_0": 0.11647113912860005,
        "q_bas_T_s": -0.026166739698165905,
        "Q_v_eps_0": 0.013833377454186023,
        "Q_v_T_s": 0.03840210484936572,
        "eps_0_T_s": -0.025853745832561354
      },
      "added_param": "T_surf",
      "marginal_kl_gain": 0.003443658986507293,
      "cumulative_marginal_kl": 0.04300157598248661
    },
    {
      "subset": [
        "Q_v",
        "T_surf",
        "d_grain",
        "epsilon_0",
        "q_basal"
      ],
      "subset_size": 5,
      "KL_nats": 0.062166288205133924,
      "ESS_kish": 8947.02520057009,
      "ESS_frac": 0.8947025200570089,
      "D_cond_median_km": 18.628249223149286,
      "D_cond_68ci_km": [
        15.343312997349662,
        22.025552009849754
      ],
      "H_total_median_km": 43.97819442054564,
      "H_total_68ci_km": [
        20.678855612971596,
        59.72233336444001
      ],
      "shrinkage": {
        "q_basal": -0.016574341158261063,
        "d_grain": -0.010605908032101263,
        "Q_v": -0.01323772598629569,
        "epsilon_0": 0.08980677218665079,
        "T_surf": -0.012223561803469396
      },
      "correlations": {
        "q_bas_d_gr": -0.030427007343111247,
        "q_bas_Q_v": -0.04077412322857866,
        "q_bas_eps_0": 0.13448580328651805,
        "q_bas_T_s": -0.01483645126383863,
        "d_gr_Q_v": 0.01781257309301668,
        "d_gr_eps_0": 0.05089980588733579,
        "d_gr_T_s": 0.008737658907543789,
        "Q_v_eps_0": 0.002683646429438643,
        "Q_v_T_s": -0.007349012386754847,
        "eps_0_T_s": -0.017010756473402906
      },
      "added_param": "d_grain",
      "marginal_kl_gain": 0.003155404548801309,
      "cumulative_marginal_kl": 0.046156980531287924
    }
  ],
  "verdict": "H3: Weak information (total marginal KL < 0.05)"
}