{
  "archive": "midlat35_uniform_broad.npz",
  "tag": "midlat35_broad",
  "N_prior": 19996,
  "N_posterior_sir": 13747,
  "prior_var_dcond_km2": 157.96856044703802,
  "posterior_var_dcond_km2": 61.99725088225205,
  "variance_reduction_pct": 60.753424158069855,
  "prior_shapley": {
    "q_basal": 18.948181843956664,
    "d_grain": 49.53922835980781,
    "Q_v": 49.94297956492854,
    "epsilon_0": 22.12849536141997,
    "T_surf": 17.409191197173506
  },
  "prior_shapley_pct": {
    "q_basal": 11.99490695511491,
    "d_grain": 31.36018219044085,
    "Q_v": 31.615771786230134,
    "epsilon_0": 14.008164218752231,
    "T_surf": 11.020668383573875
  },
  "posterior_shapley": {
    "q_basal": 9.31336245627266,
    "d_grain": 17.896855144364824,
    "Q_v": 16.995804430281904,
    "epsilon_0": 9.427241925310465,
    "T_surf": 8.363927954562174
  },
  "posterior_shapley_pct": {
    "q_basal": 15.022218443138739,
    "d_grain": 28.867175382268695,
    "Q_v": 27.413803335507726,
    "epsilon_0": 15.205903150794711,
    "T_surf": 13.490804568814383
  },
  "posterior_shapley_95ci_pct": {
    "q_basal": [
      14.906156637938553,
      15.729612417423475
    ],
    "d_grain": [
      27.331678105152278,
      29.220222456231788
    ],
    "Q_v": [
      26.111480221657672,
      27.80903370284863
    ],
    "epsilon_0": [
      15.031116898121669,
      16.013841688027156
    ],
    "T_surf": [
      13.544692058043555,
      14.30567185370341
    ]
  },
  "prior_ranking": [
    "Q_v",
    "d_grain",
    "epsilon_0",
    "q_basal",
    "T_surf"
  ],
  "posterior_ranking": [
    "d_grain",
    "Q_v",
    "epsilon_0",
    "q_basal",
    "T_surf"
  ]
}